,,,,,,,,,,,,,,,,,,,,,,,
1. Excel Data Schema & Column Definitions,,,,,,,,,,,,,,,,,,,,,,,
,Column Name (Excel Header),,,Data Type,,,,Valid Values / Categories,,,,,,,,,Description / Usage,,,,,,
,Accident_Index,,,Text / Alphanumeric,,,,"e.g., AC-2023-00101",,,,,,,,,Unique identifier for every recorded road incident,,,,,,
,Accident_Date,,,Date (YYYY-MM-DD),,,,2021-01-01 to 2023-12-31,,,,,,,,,Incident occurrence date for time-series aggregation,,,,,,
,Day_of_Week,,,Text (Day Name),,,,"Monday, Tuesday ... Sunday",,,,,,,,,"Extracted via =TEXT(Date,",,,,,,"""dddd"")"
,Accident_Severity,,,Categorical Text,,,,"Fatal, Serious, Slight",,,,,,,,,Severity level classification for casualty segmentation,,,,,,
,Number_of_Casualties,,,Whole Number,,,,1 to 10+,,,,,,,,,Sum of individuals injured or deceased,,,,,,
,Number_of_Vehicles,,,Whole Number,,,,1 to 8,,,,,,,,,Count of motor vehicles involved,,,,,,
,Road_Type,,,Categorical Text,,,,"Single, Dual, Roundabout, One-way",,,,,,,,,Physical infrastructure road classification,,,,,,
,Weather_Conditions,,,Categorical Text,,,,"Fine, Raining, Fog/Mist, Snow",,,,,,,,,Environmental conditions at time of collision,,,,,,
,Light_Conditions,,,Categorical Text,,,,"Daylight, Darkness-Lit, Darkness-Unlit",,,,,,,,,Visibility and street illumination status,,,,,,
,Urban_or_Rural_Area,,,Categorical Text,,,,"Urban, Rural",,,,,,,,,Demographic zone indicator (Slicer filter),,,,,,
,Vehicle_Type,,,Categorical Text,,,,"Car, Motorcycle, Bus, Van, HGV",,,,,,,,,Primary vehicle category responsible or involved,,,,,,
2. Excel Aggregated Pivot Summaries,,,,,,,,,,,,,,,,,,,,,,,
,Road Type,,Accidents,,,Casualties,,,% Share,,,,Severity Type,,,Casualties,,,Avg Veh/Acc,,Mortality %,,
,Single Carriageway,,"109,240",,,"110,480",,,73.7%,,,,Fatal,,,"2,854",,,2.14,,1.9%,,
,Dual Carriageway,,"22,180",,,"23,910",,,15.0%,,,,Serious,,,"28,410",,,1.92,,19.1%,,
,Roundabouts,,"9,830",,,"9,980",,,6.6%,,,,Slight,,,"117,026",,,1.78,,79.0%,,
,One-Way / Slip Roads,,"7,040",,,"7,150",,,4.7%,,,,"Total                                148,290                       1.84               100.0%",,,,,,,,,,
,"Total                                            148,290            151,520         100.0%",,,,,,,,,,,,,,,,,,,,,,
,,,,,,,,,,,,,,,,,,,,,,,
,,,,,,,,,,,,,,,,,,,,,,,
,,,,,,,,,,,,,,,,,,,,,,,
3. Excel Master Data Records (Sample View),,,,,,,,,,,,,,,,,,,,,,,
,Accident_ID,Date,,,Day,,Severity,,,Cas.,Veh.,,,Road_Type,Weather,,,Light_Cond.,,Area,,Vehicle_Type,
,AC-2023-00101,2023-01-12,,,Thursday,,Slight,,,1,2,,,Single Carriageway,Fine / Clear,,,Daylight,,Urban,,Car,
,AC-2023-00102,2023-01-15,,,Sunday,,Fatal,,,2,1,,,Dual Carriageway,Raining / Wet,,,Darkness - Unlit,,Rural,,Motorcycle,
,AC-2023-00103,2023-01-20,,,Friday,,Serious,,,3,3,,,Roundabout,Fine / Clear,,,Darkness - Lit,,Urban,,Car,
,AC-2023-00104,2023-01-28,,,Saturday,,Slight,,,1,1,,,Single Carriageway,Fog / Mist,,,Daylight,,Rural,,Van / Light Goods,
,AC-2023-00105,2023-02-04,,,Saturday,,Serious,,,2,2,,,Single Carriageway,Raining / Wet,,,Darkness - Unlit,,Rural,,Car,
,AC-2023-00106,2023-02-14,,,Tuesday,,Slight,,,1,2,,,One-way Street,Fine / Clear,,,Daylight,,Urban,,Taxi / Car,
,AC-2023-00107,2023-02-22,,,Wednesday,,Fatal,,,1,2,,,Dual Carriageway,Snow / Frost,,,Darkness - Lit,,Urban,,Heavy Goods (HGV),
,AC-2023-00108,2023-03-05,,,Sunday,,Slight,,,2,2,,,Single Carriageway,Fine / Clear,,,Daylight,,Urban,,Bus / Coach,
,AC-2023-00109,2023-03-17,,,Friday,,Serious,,,1,1,,,Roundabout,Raining / Wet,,,Darkness - Lit,,Urban,,Motorcycle,
,AC-2023-00110,2023-03-29,,,Wednesday,,Slight,,,1,2,,,Single Carriageway,Fine / Clear,,,Daylight,,Rural,,Car,
,AC-2023-00111,2023-04-10,,,Monday,,Slight,,,1,2,,,Single Carriageway,Fine / Clear,,,Daylight,,Urban,,Car,
,AC-2023-00112,2023-04-21,,,Friday,,Fatal,,,3,4,,,Dual Carriageway,Raining / Wet,,,Darkness - Unlit,,Rural,,Heavy Goods (HGV),
,AC-2023-00113,2023-05-02,,,Tuesday,,Slight,,,1,1,,,One-way Street,Fine / Clear,,,Daylight,,Urban,,Motorcycle,
,AC-2023-00114,2023-05-18,,,Thursday,,Serious,,,2,2,,,Single Carriageway,Fine / Clear,,,Daylight,,Rural,,Car,
,AC-2023-00115,2023-06-01,,,Thursday,,Slight,,,1,2,,,Roundabout,Fine / Clear,,,Daylight,,Urban,,Car,
,AC-2023-00116,2023-06-16,,,Friday,,Fatal,,,1,1,,,Single Carriageway,"Darkness
- Lit",,,Darkness - Lit,,Urban,,Motorcycle,
,AC-2023-00117,2023-07-04,,,Tuesday,,Slight,,,1,2,,,Single Carriageway,Fine / Clear,,,Daylight,,Urban,,Car,
,AC-2023-00118,2023-07-23,,,Sunday,,Serious,,,2,3,,,Dual Carriageway,Raining / Wet,,,Daylight,,Rural,,Bus / Coach,
